City_ID,City,Country,Date,Lat,Lng,Max Temp,Humidity,Cloudiness,Wind Speed
0,Hambantota,LK,2022-07-19 14:18:25,6.1241,81.1185,79.32,87,100,11.1
1,Ribeira Grande,PT,2022-07-19 14:18:19,38.5167,-28.7,73.8,94,75,6.91
2,Rikitea,PF,2022-07-19 14:23:27,-23.1203,-134.9692,73.9,71,3,9.53
3,Firovo,RU,2022-07-19 14:21:10,57.4814,33.7021,66.18,48,100,7.14
4,Victoria,HK,2022-07-19 14:25:25,22.2855,114.1577,87.85,78,100,10.0
5,Carnarvon,AU,2022-07-19 14:25:26,-24.8667,113.6333,67.89,62,0,17.65
6,Fortuna,US,2022-07-19 14:23:27,40.5982,-124.1573,53.65,91,44,1.9
7,Hobart,AU,2022-07-19 14:15:50,-42.8794,147.3294,44.46,84,100,5.75
8,Khatanga,RU,2022-07-19 14:24:17,71.9667,102.5,49.1,49,100,13.24
9,Provideniya,RU,2022-07-19 14:12:18,64.3833,-173.3,41.09,56,100,5.23
10,Albany,US,2022-07-19 14:21:25,42.6001,-73.9662,82.58,65,1,1.01
11,Tuktoyaktuk,CA,2022-07-19 14:25:27,69.4541,-133.0374,57.2,94,75,3.44
12,Bredasdorp,ZA,2022-07-19 14:25:27,-34.5322,20.0403,54.57,78,98,4.47
13,Touros,BR,2022-07-19 14:25:27,-5.1989,-35.4608,80.92,70,55,17.02
14,Dunedin,NZ,2022-07-19 14:16:38,-45.8742,170.5036,44.74,86,100,6.15
15,Vaini,TO,2022-07-19 14:25:28,-21.2,-175.2,73.56,94,20,8.05
16,Tiksi,RU,2022-07-19 14:25:28,71.6872,128.8694,33.06,98,100,19.86
17,Loa Janan,ID,2022-07-19 14:25:29,-0.583,117.095,74.37,97,11,2.08
18,Mataura,NZ,2022-07-19 14:25:29,-46.1927,168.8643,42.48,91,100,3.04
19,Saskylakh,RU,2022-07-19 14:15:47,71.9167,114.0833,41.95,62,80,15.48
20,Bluff,NZ,2022-07-19 14:15:52,-46.6,168.3333,42.8,74,84,15.19
21,Koumra,TD,2022-07-19 14:25:30,8.9126,17.5539,79.77,71,88,6.87
22,Tiarei,PF,2022-07-19 14:25:30,-17.5333,-149.3333,69.82,71,13,3.53
23,Ushuaia,AR,2022-07-19 14:25:30,-54.8,-68.3,37.02,93,75,8.05
24,Kapaa,US,2022-07-19 14:25:31,22.0752,-159.319,77.32,82,40,17.27
25,Haines Junction,CA,2022-07-19 14:25:31,60.7522,-137.5108,44.55,87,63,1.14
26,Bilma,NE,2022-07-19 14:25:31,18.6853,12.9164,105.53,10,7,4.45
27,Atuona,PF,2022-07-19 14:23:35,-9.8,-139.0333,77.18,64,100,14.27
28,Mikhaylovka,RU,2022-07-19 14:25:32,50.06,43.2379,75.78,31,19,12.53
29,Flin Flon,CA,2022-07-19 14:25:32,54.7682,-101.865,71.44,78,40,6.91
30,Lahat,ID,2022-07-19 14:25:33,-3.8,103.5333,75.27,93,58,3.13
31,Ahmadpur,IN,2022-07-19 14:25:33,18.7,76.9333,77.59,81,93,10.45
32,Ayan,RU,2022-07-19 14:25:33,56.45,138.1667,56.79,98,100,11.25
33,Nikolskoye,RU,2022-07-19 14:25:34,59.7035,30.7861,70.88,48,98,7.36
34,Gamba,GA,2022-07-19 14:19:34,-2.65,10.0,75.42,72,72,8.1
35,Cidreira,BR,2022-07-19 14:19:36,-30.1811,-50.2056,59.99,80,68,4.74
36,Zima,RU,2022-07-19 14:17:00,53.9202,102.0442,52.99,97,100,3.44
37,Castro,BR,2022-07-19 14:25:34,-24.7911,-50.0119,68.45,70,8,3.15
38,Port Moresby,PG,2022-07-19 14:19:31,-9.4431,147.1797,74.62,100,40,5.75
39,Chapais,CA,2022-07-19 14:15:50,49.7834,-74.8492,62.38,90,100,11.1
40,Hualmay,PE,2022-07-19 14:25:35,-11.0964,-77.6139,62.92,79,100,6.31
41,Terrasini,IT,2022-07-19 14:25:35,38.146,13.0844,98.46,71,0,11.5
42,Airai,TL,2022-07-19 14:19:34,-8.9266,125.4092,54.12,86,20,2.3
43,Isangel,VU,2022-07-19 14:23:33,-19.55,169.2667,74.71,90,39,8.43
44,Hermanus,ZA,2022-07-19 14:25:36,-34.4187,19.2345,58.8,68,52,5.93
45,Nisia Floresta,BR,2022-07-19 14:26:36,-6.0911,-35.2086,82.78,69,47,15.84
46,Panama City,PA,2022-07-19 14:26:37,8.9936,-79.5197,83.44,86,20,6.91
47,Suntar,RU,2022-07-19 14:26:37,62.1444,117.6319,61.07,88,84,5.03
48,Kasulu,TZ,2022-07-19 14:26:38,-4.5767,30.1025,82.0,28,80,7.27
49,General Cepeda,MX,2022-07-19 14:26:38,25.3833,-101.45,74.88,50,0,3.51
50,Hilo,US,2022-07-19 14:26:38,19.7297,-155.09,71.28,91,75,6.91
51,Chokurdakh,RU,2022-07-19 14:26:39,70.6333,147.9167,37.11,76,100,8.52
52,Beni Mazar,EG,2022-07-19 14:26:39,28.4962,30.8029,102.11,13,0,11.21
53,Inta,RU,2022-07-19 14:26:39,66.0317,60.1659,75.56,41,3,11.41
54,Butaritari,KI,2022-07-19 14:26:40,3.0707,172.7902,81.88,77,18,16.24
55,Kodiak,US,2022-07-19 14:17:01,57.79,-152.4072,47.71,87,0,3.44
56,Coihaique,CL,2022-07-19 14:26:40,-45.5752,-72.0662,39.15,93,100,5.75
57,Doha,QA,2022-07-19 14:22:57,25.2867,51.5333,102.51,67,84,12.66
58,Katsuura,JP,2022-07-19 14:18:23,35.1333,140.3,80.02,88,100,26.35
59,Aklavik,CA,2022-07-19 14:20:53,68.2191,-135.0107,55.4,94,75,8.05
60,Kuala Lipis,MY,2022-07-19 14:26:41,4.1842,102.0468,74.55,98,100,2.48
61,Zyryanka,RU,2022-07-19 14:26:41,65.75,150.85,49.17,81,100,12.48
62,Yellowknife,CA,2022-07-19 14:26:42,62.456,-114.3525,66.72,72,75,2.3
63,Sinnamary,GF,2022-07-19 14:26:42,5.3833,-52.95,83.32,69,68,7.9
64,Policoro,IT,2022-07-19 14:26:43,40.2115,16.6726,96.42,28,0,11.01
65,Korla,CN,2022-07-19 14:26:43,41.7597,86.1469,86.86,18,74,3.47
66,Saint George,US,2022-07-19 14:22:04,37.1041,-113.5841,87.8,35,0,5.75
67,Gigmoto,PH,2022-07-19 14:26:43,13.7796,124.39,82.13,82,92,7.9
68,Necochea,AR,2022-07-19 14:22:06,-38.5473,-58.7368,46.62,49,0,14.12
69,Bitkine,TD,2022-07-19 14:26:44,11.9801,18.2138,84.74,57,86,9.22
70,Farafangana,MG,2022-07-19 14:26:44,-22.8167,47.8333,70.45,67,67,10.74
71,Bethel,US,2022-07-19 14:23:33,41.3712,-73.414,82.45,73,0,11.5
72,Hofn,IS,2022-07-19 14:26:45,64.2539,-15.2082,51.13,84,100,13.96
73,Mitsamiouli,KM,2022-07-19 14:26:45,-11.3847,43.2844,80.89,57,40,11.5
74,Mahebourg,MU,2022-07-19 14:24:48,-20.4081,57.7,70.25,73,40,27.63
75,Rossland,CA,2022-07-19 14:26:46,49.0831,-117.8022,57.9,63,0,1.61
76,Kavaratti,IN,2022-07-19 14:26:46,10.5669,72.642,79.79,85,100,19.57
77,Narsaq,GL,2022-07-19 14:23:25,60.9167,-46.05,48.42,75,100,2.68
78,Punta Arenas,CL,2022-07-19 14:26:47,-53.15,-70.9167,39.22,93,75,23.02
79,Mar Del Plata,AR,2022-07-19 14:26:09,-38.0023,-57.5575,46.94,73,0,14.97
80,Busselton,AU,2022-07-19 14:26:47,-33.65,115.3333,56.71,77,100,7.14
81,Padang,ID,2022-07-19 14:19:31,-0.9492,100.3543,78.76,86,17,2.48
82,Leningradskiy,RU,2022-07-19 14:23:26,69.3833,178.4167,33.57,96,100,8.19
83,Esperance,AU,2022-07-19 14:18:27,-33.8667,121.9,55.17,87,56,11.9
84,Makaha,US,2022-07-19 14:26:48,21.4694,-158.2175,76.95,68,75,0.0
85,Iqaluit,CA,2022-07-19 14:23:26,63.7506,-68.5145,44.33,81,75,6.91
86,Bandarbeyla,SO,2022-07-19 14:26:48,9.4942,50.8122,78.84,71,86,34.23
87,Presidente Epitacio,BR,2022-07-19 14:26:48,-21.7633,-52.1156,81.68,43,1,8.01
88,Puerto Ayora,EC,2022-07-19 14:23:40,-0.7393,-90.3518,69.76,100,91,5.99
89,Kihei,US,2022-07-19 14:24:44,20.785,-156.4656,73.42,78,75,11.5
90,Cape Town,ZA,2022-07-19 14:23:30,-33.9258,18.4232,63.1,64,20,14.97
91,Guerrero Negro,MX,2022-07-19 14:22:12,27.9769,-114.0611,71.44,69,98,2.24
92,Tessalit,ML,2022-07-19 14:27:49,20.1986,1.0114,98.65,24,95,8.41
93,Port Alfred,ZA,2022-07-19 14:27:50,-33.5906,26.891,64.18,89,38,5.01
94,Aborlan,PH,2022-07-19 14:27:50,9.4352,118.5492,79.43,83,100,0.87
95,Tehuacan,MX,2022-07-19 14:23:42,18.45,-97.3833,65.88,68,19,3.47
96,Fairbanks,US,2022-07-19 14:27:51,64.8378,-147.7164,53.56,92,100,4.61
97,Trzebiatow,PL,2022-07-19 14:27:39,54.0615,15.2648,75.83,48,82,6.53
98,Digby,CA,2022-07-19 14:27:51,44.6169,-65.7655,72.55,99,100,19.1
99,Houma,US,2022-07-19 14:25:05,29.5958,-90.7195,88.0,80,0,6.91
100,Topolobampo,MX,2022-07-19 14:27:51,25.6,-109.05,80.31,76,17,3.6
101,Emba,KZ,2022-07-19 14:27:52,48.8264,58.1442,99.09,22,53,21.0
102,Upernavik,GL,2022-07-19 14:24:44,72.7868,-56.1549,45.12,74,99,6.67
103,Buraydah,SA,2022-07-19 14:27:52,26.326,43.975,111.65,6,0,15.01
104,Monroe,US,2022-07-19 14:26:52,43.1501,-77.6831,82.65,73,20,11.5
105,Huarmey,PE,2022-07-19 14:27:53,-10.0681,-78.1522,64.42,78,100,6.46
106,Bambous Virieux,MU,2022-07-19 14:27:53,-20.3428,57.7575,70.21,73,40,27.63
107,Samut Songkhram,TH,2022-07-19 14:27:54,13.4,99.9583,77.92,90,92,8.93
108,Tahta,EG,2022-07-19 14:27:54,26.7693,31.5021,104.38,11,0,14.9
109,Guilin,CN,2022-07-19 14:27:54,25.2819,110.2864,80.71,92,100,0.34
110,Cabo San Lucas,MX,2022-07-19 14:14:40,22.8909,-109.9124,84.61,84,26,5.44
111,Paita,PE,2022-07-19 14:27:55,-5.0892,-81.1144,64.56,81,48,8.9
112,Natal,BR,2022-07-19 14:27:55,-5.795,-35.2094,82.62,69,75,14.97
113,Charleston,US,2022-07-19 14:25:31,32.7766,-79.9309,87.1,77,20,6.91
114,Pevek,RU,2022-07-19 14:26:10,69.7008,170.3133,32.07,91,95,17.54
115,Mata,PT,2022-07-19 14:27:56,40.683,-7.4592,79.93,30,0,11.03
116,Finschhafen,PG,2022-07-19 14:27:56,-6.6024,147.8681,78.35,83,56,6.6
117,Souillac,MU,2022-07-19 14:27:57,-20.5167,57.5167,68.38,73,40,27.63
118,Leshan,CN,2022-07-19 14:27:57,29.5623,103.7639,70.74,84,100,2.82
119,Kytmanovo,RU,2022-07-19 14:27:57,53.4593,85.4479,60.15,82,73,5.46
120,Elizabeth City,US,2022-07-19 14:27:58,36.2946,-76.2511,86.05,82,75,13.8
121,Avarua,CK,2022-07-19 14:21:00,-21.2078,-159.775,71.65,73,40,5.75
122,Rorvik,NO,2022-07-19 14:27:58,64.8621,11.2373,52.07,85,100,2.19
123,Metro,ID,2022-07-19 14:27:59,-5.1131,105.3067,75.96,90,24,4.38
124,Kassala,SD,2022-07-19 14:27:59,15.451,36.4,94.08,34,30,12.73
125,Inhambane,MZ,2022-07-19 14:27:59,-23.865,35.3833,75.18,78,40,9.22
126,Bengkulu,ID,2022-07-19 14:25:56,-3.8004,102.2655,78.94,83,29,2.33
127,Andes,CO,2022-07-19 14:28:00,5.6561,-75.8788,73.02,68,62,1.21
128,Awjilah,LY,2022-07-19 14:28:00,29.1081,21.2869,97.56,14,0,14.56
129,Predivinsk,RU,2022-07-19 14:28:01,57.0669,93.4378,56.1,99,100,7.14
130,Sao Filipe,CV,2022-07-19 14:24:52,14.8961,-24.4956,77.94,82,65,7.85
131,Qaanaaq,GL,2022-07-19 14:28:01,77.484,-69.3632,42.64,71,3,2.91
132,Urumqi,CN,2022-07-19 14:27:53,43.801,87.6005,72.55,46,20,8.95
133,San Felipe,VE,2022-07-19 14:28:02,10.3399,-68.7425,83.21,68,22,1.43
134,Margate,GB,2022-07-19 14:28:02,51.3813,1.3862,100.11,50,3,10.56
135,Kadnikov,RU,2022-07-19 14:28:02,59.5022,40.338,57.47,88,100,8.08
136,Kudahuvadhoo,MV,2022-07-19 14:28:03,2.6708,72.8944,81.46,79,100,15.39
137,Georgetown,MY,2022-07-19 14:26:30,5.4112,100.3354,81.9,86,40,2.3
138,Ostrovnoy,RU,2022-07-19 14:29:04,68.0531,39.5131,51.28,96,100,7.34
139,Saint Simons,US,2022-07-19 14:29:04,31.1352,-81.3901,86.05,74,0,11.5
140,Vila Franca Do Campo,PT,2022-07-19 14:29:04,37.7167,-25.4333,72.01,76,76,3.74
141,Noumea,NC,2022-07-19 14:29:05,-22.2763,166.4572,73.99,99,100,10.6
142,Krasnoselkup,RU,2022-07-19 14:29:05,65.7,82.4667,64.53,55,98,5.86
143,Asyut,EG,2022-07-19 14:29:06,27.181,31.1837,104.18,11,0,13.6
144,Iranshahr,IR,2022-07-19 14:29:06,27.2025,60.6848,98.94,36,75,6.91
145,Tasiilaq,GL,2022-07-19 14:27:17,65.6145,-37.6368,37.56,75,19,3.83
146,Barranca,PE,2022-07-19 14:29:07,-10.75,-77.7667,61.59,82,100,5.75
147,Drumnadrochit,GB,2022-07-19 14:29:07,57.3344,-4.4799,78.49,42,100,6.49
148,Shakawe,BW,2022-07-19 14:29:07,-18.3667,21.85,77.0,18,0,2.91
149,Tabory,RU,2022-07-19 14:29:08,58.5198,64.5495,74.89,64,94,5.08
150,Lebu,CL,2022-07-19 14:29:08,-37.6167,-73.65,44.67,75,100,3.22
151,Chuy,UY,2022-07-19 14:29:08,-33.6971,-53.4616,53.08,67,1,5.23
152,Lata,PT,2022-07-19 14:29:09,40.1629,-8.3327,85.5,42,0,11.16
153,Ostersund,SE,2022-07-19 14:29:09,63.1792,14.6357,59.61,62,67,12.66
154,Kamenka,RU,2022-07-19 14:29:10,51.3223,42.7678,73.15,37,26,12.73
155,Pangnirtung,CA,2022-07-19 14:29:10,66.1451,-65.7125,39.2,100,100,6.91
156,Blyth,GB,2022-07-19 14:29:11,55.1271,-1.5086,101.08,41,0,10.36
157,Yaan,NG,2022-07-19 14:29:11,7.3833,8.5667,83.07,59,95,7.7
158,Yekaterinoslavka,RU,2022-07-19 14:29:12,50.3734,129.1139,64.09,93,100,0.31
159,Ozernovskiy,RU,2022-07-19 14:29:12,51.5,156.5167,54.09,87,7,6.31
160,Saint-Raphael,HT,2022-07-19 14:29:12,19.4333,-72.2,78.17,70,36,4.34
161,Caluquembe,AO,2022-07-19 14:29:13,-13.7833,14.6833,78.62,17,0,1.03
162,Naze,JP,2022-07-19 14:29:13,28.3667,129.4833,79.72,85,100,13.4
163,Barrow,US,2022-07-19 14:29:14,71.2906,-156.7887,35.62,93,0,4.61
164,Harwich,GB,2022-07-19 14:29:14,51.9419,1.2844,98.51,36,5,4.0
165,Coquimbo,CL,2022-07-19 14:29:15,-29.9533,-71.3436,49.73,100,100,3.44
166,New Norfolk,AU,2022-07-19 14:29:15,-42.7826,147.0587,44.1,79,8,1.99
167,Lagoa,PT,2022-07-19 14:29:15,39.05,-27.9833,68.86,91,100,15.48
168,Tuatapere,NZ,2022-07-19 14:29:16,-46.1333,167.6833,43.03,90,100,4.52
169,Wattegama,LK,2022-07-19 14:29:16,6.7989,81.4808,78.21,87,84,2.73
170,Tambo Grande,PE,2022-07-19 14:29:17,-4.9269,-80.3447,70.14,65,13,2.62
171,Torbay,CA,2022-07-19 14:29:17,47.6666,-52.7314,66.58,88,100,19.57
172,Parati,BR,2022-07-19 14:29:17,-23.2178,-44.7131,81.63,60,14,3.47
173,Babag,PH,2022-07-19 14:29:18,7.7311,126.0708,75.79,93,79,0.81
174,Galeana,MX,2022-07-19 14:29:18,24.8333,-100.0667,69.78,56,21,4.25
175,Caravelas,BR,2022-07-19 14:29:19,-17.7125,-39.2481,78.67,61,8,6.82
176,Zhezkazgan,KZ,2022-07-19 14:29:19,47.8043,67.7144,89.58,19,0,11.18
177,Leninsk,RU,2022-07-19 14:29:20,48.7119,45.1994,83.39,23,100,5.5
178,Longyearbyen,SJ,2022-07-19 14:29:20,78.2186,15.6401,55.24,71,40,19.57
179,Vila Velha,BR,2022-07-19 14:27:44,-20.3297,-40.2925,75.94,77,75,6.91
180,Kajaani,FI,2022-07-19 14:29:21,64.2273,27.7285,59.05,72,20,8.05
181,Kahului,US,2022-07-19 14:29:21,20.8947,-156.47,73.42,78,75,11.5
182,Gobabis,NA,2022-07-19 14:29:22,-22.45,18.9667,69.91,19,0,9.75
183,Pisco,PE,2022-07-19 14:29:22,-13.7,-76.2167,60.03,88,100,3.44
184,Le Vauclin,MQ,2022-07-19 14:30:22,14.5452,-60.8388,84.25,79,75,18.41
185,Chegdomyn,RU,2022-07-19 14:30:23,51.1167,133.0167,58.51,97,100,1.81
186,Aketi,CD,2022-07-19 14:30:23,2.7388,23.7833,70.23,98,100,0.89
187,Havre-Saint-Pierre,CA,2022-07-19 14:30:23,50.2334,-63.5986,66.56,77,100,10.36
188,Ancud,CL,2022-07-19 14:30:24,-41.8697,-73.8203,49.23,88,100,30.69
189,Port Elizabeth,ZA,2022-07-19 14:30:24,-33.918,25.5701,64.69,85,20,17.27
190,Jamestown,US,2022-07-19 14:29:02,42.097,-79.2353,81.01,74,0,9.22
191,Bredy,RU,2022-07-19 14:30:25,52.4153,60.3411,81.39,59,92,12.48
192,Talaya,RU,2022-07-19 14:30:25,61.3833,152.75,65.19,61,92,5.5
193,Alexandria,EG,2022-07-19 14:29:40,31.2156,29.9553,88.34,62,0,9.22
194,Vanavara,RU,2022-07-19 14:27:13,60.34,102.2797,58.37,72,100,0.67
195,Le Port,RE,2022-07-19 14:30:26,-20.9373,55.2919,71.6,63,34,11.16
196,Tagusao,PH,2022-07-19 14:30:26,9.1924,117.8141,79.09,83,96,5.37
197,Hithadhoo,MV,2022-07-19 14:26:03,-0.6,73.0833,78.8,82,100,11.68
198,Los Alamos,US,2022-07-19 14:30:27,35.8881,-106.307,76.42,42,0,5.75
199,Namatanai,PG,2022-07-19 14:30:27,-3.6667,152.4333,78.85,79,100,5.39
200,Elat,IL,2022-07-19 14:30:27,29.5581,34.9482,109.24,24,0,8.05
201,Postrelmov,CZ,2022-07-19 14:30:28,49.9076,16.9123,91.42,39,2,4.97
202,Razdolinsk,RU,2022-07-19 14:30:28,58.4211,94.6658,52.27,99,72,4.47
203,Zhizdra,RU,2022-07-19 14:30:29,53.746,34.7395,63.07,84,72,8.37
204,Nara,JP,2022-07-19 14:27:23,34.6851,135.8049,80.49,69,85,7.07
205,Cherskiy,RU,2022-07-19 14:30:29,68.75,161.3,34.56,82,98,12.41
206,Hasaki,JP,2022-07-19 14:30:29,35.7333,140.8333,79.2,86,100,13.78
207,Ascension,US,2022-07-19 14:30:30,30.2169,-90.9001,88.05,78,0,5.75
208,Olafsvik,IS,2022-07-19 14:30:30,64.8945,-23.7142,54.21,67,100,7.11
209,Saint-Pierre,RE,2022-07-19 14:30:31,-21.3393,55.4781,71.28,63,100,21.85
210,Dingle,PH,2022-07-19 14:30:31,10.9995,122.6711,77.56,90,100,1.83
211,Muriti,TZ,2022-07-19 14:30:31,-1.9833,32.9167,76.8,49,62,1.5
212,Saint-Augustin,CA,2022-07-19 14:30:32,51.226,-58.6502,68.09,62,100,9.06
213,Sandur,IN,2022-07-19 14:30:32,15.1,76.55,77.99,75,75,12.73
214,East London,ZA,2022-07-19 14:30:33,-33.0153,27.9116,67.14,77,0,6.91
215,Sao Jose Da Coroa Grande,BR,2022-07-19 14:30:33,-8.8978,-35.1478,80.22,64,2,12.68
216,Xining,CN,2022-07-19 14:30:34,36.6167,101.7667,50.68,81,46,3.29
217,Chumikan,RU,2022-07-19 14:30:34,54.7183,135.315,52.38,99,100,13.06
218,Ajdabiya,LY,2022-07-19 14:30:34,30.7554,20.2263,92.28,25,0,25.86
219,Alta Floresta,BR,2022-07-19 14:30:35,-9.8756,-56.0861,91.22,31,0,11.5
220,Miyako,JP,2022-07-19 14:30:35,39.6367,141.9525,71.04,99,100,4.99
221,Ribas Do Rio Pardo,BR,2022-07-19 14:30:36,-20.4431,-53.7592,88.92,24,15,8.28
222,Baniachang,BD,2022-07-19 14:30:36,24.5167,91.3667,79.99,90,100,7.7
223,Angoche,MZ,2022-07-19 14:30:36,-16.2325,39.9086,74.84,70,1,5.99
224,Riachao Do Jacuipe,BR,2022-07-19 14:30:37,-11.8069,-39.3856,83.86,40,14,12.84
225,Saint-Philippe,RE,2022-07-19 14:30:37,-21.3585,55.7679,71.19,78,37,20.13
226,Atambua,ID,2022-07-19 14:30:37,-9.1061,124.8925,66.11,84,70,5.28
227,Makanya,TZ,2022-07-19 14:30:38,-4.3667,37.8333,72.61,63,91,11.52
228,Bathsheba,BB,2022-07-19 14:30:38,13.2167,-59.5167,86.61,88,40,19.57
229,Svetlogorsk,BY,2022-07-19 14:30:39,52.6333,29.7333,70.21,61,81,4.88
230,Kurilsk,RU,2022-07-19 14:30:39,45.2333,147.8833,54.48,93,29,2.21
231,Kazachinskoye,RU,2022-07-19 14:29:27,57.6953,93.2761,55.51,99,100,4.18
232,Alofi,NU,2022-07-19 14:31:40,-19.0595,-169.9187,73.29,88,25,12.66
233,Ilula,TZ,2022-07-19 14:31:40,-7.6766,36.0366,63.59,65,40,8.28
234,Bosaso,SO,2022-07-19 14:31:40,11.2842,49.1816,88.68,55,100,3.09
235,Klaksvik,FO,2022-07-19 14:31:41,62.2266,-6.589,52.72,95,100,12.86
236,Arraial Do Cabo,BR,2022-07-19 14:30:37,-22.9661,-42.0278,76.96,73,20,6.91
237,Pangody,RU,2022-07-19 14:31:41,65.85,74.4859,64.94,52,100,12.39
238,Naryan-Mar,RU,2022-07-19 14:31:42,67.6713,53.087,71.13,64,100,17.36
239,Seinajoki,FI,2022-07-19 14:31:42,62.7945,22.8282,64.89,64,40,12.66
240,Thompson,CA,2022-07-19 14:30:38,55.7435,-97.8558,68.16,73,75,4.61
241,Barpeta,IN,2022-07-19 14:31:43,26.3167,91.0,79.92,89,98,1.9
242,Kimbe,PG,2022-07-19 14:31:43,-5.5502,150.1429,75.06,93,100,3.33
243,Southampton,GB,2022-07-19 14:29:32,50.904,-1.4043,99.66,42,0,8.05
244,Severo-Kurilsk,RU,2022-07-19 14:31:43,50.6789,156.125,51.6,94,75,10.71
245,Ahipara,NZ,2022-07-19 14:31:44,-35.1667,173.1667,57.22,95,62,1.99
246,Kroya,ID,2022-07-19 14:31:44,-7.6331,109.2461,77.68,82,88,7.74
247,Tuy Hoa,VN,2022-07-19 14:30:32,13.0833,109.3,77.31,92,100,4.72
248,Vao,NC,2022-07-19 14:31:45,-22.6667,167.4833,72.86,83,96,22.57
249,Turukhansk,RU,2022-07-19 14:31:45,65.8167,87.9833,58.86,58,100,9.35
250,Myslenice,PL,2022-07-19 14:31:45,49.8338,19.9383,86.97,41,33,2.84
251,Abonnema,NG,2022-07-19 14:31:46,4.7084,6.7931,81.32,62,100,9.04
252,Lasa,IT,2022-07-19 14:31:46,46.6166,10.7002,88.7,55,68,5.28
253,Manta,EC,2022-07-19 14:31:47,-0.95,-80.7333,71.38,88,100,12.66
254,Kruisfontein,ZA,2022-07-19 14:31:47,-34.0033,24.7314,60.89,87,78,15.9
255,Sekoma,BW,2022-07-19 14:31:47,-24.4,23.8833,69.35,28,10,8.46
256,Grand-Santi,GF,2022-07-19 14:29:18,4.25,-54.3833,80.64,74,96,3.56
257,Oakdale,US,2022-07-19 14:31:48,44.963,-92.9649,84.42,65,0,11.5
258,Husavik,IS,2022-07-19 14:31:48,66.0449,-17.3389,52.34,79,100,4.5
259,Ponta Do Sol,PT,2022-07-19 14:31:49,32.6667,-17.1,79.72,67,0,5.61
260,Bonavista,CA,2022-07-19 14:31:49,48.6499,-53.1147,64.27,80,100,3.31
261,Mount Gambier,AU,2022-07-19 14:31:49,-37.8333,140.7667,36.95,88,0,5.75
262,Grand Gaube,MU,2022-07-19 14:31:50,-20.0064,57.6608,70.38,67,23,11.99
263,Zhytomyr,UA,2022-07-19 14:31:50,50.2649,28.6767,68.41,67,100,11.01
264,Yarada,IN,2022-07-19 14:31:50,17.65,83.2667,84.52,84,20,4.61
265,Porto Velho,BR,2022-07-19 14:31:51,-8.7619,-63.9039,86.05,54,0,3.44
266,Enshi,CN,2022-07-19 14:31:51,30.3,109.4833,74.59,98,100,0.78
267,Koungou,YT,2022-07-19 14:31:52,-12.7336,45.2042,76.71,69,75,8.05
268,San Cristobal,VE,2022-07-19 14:28:27,7.7669,-72.225,77.18,63,88,5.91
269,Kununurra,AU,2022-07-19 14:31:52,-15.7667,128.7333,64.38,72,69,0.0
270,Salalah,OM,2022-07-19 14:31:21,17.0151,54.0924,78.89,94,100,9.22
271,Kapit,MY,2022-07-19 14:31:53,2.0167,112.9333,78.12,76,35,2.28
272,Vaitape,PF,2022-07-19 14:31:53,-16.5167,-151.75,76.57,71,15,7.16
273,Henties Bay,NA,2022-07-19 14:31:53,-22.116,14.2845,59.94,77,5,15.84
274,Sibut,CF,2022-07-19 14:31:54,5.718,19.0739,71.4,95,100,6.06
275,Petropavlovsk-Kamchatskiy,RU,2022-07-19 14:31:54,53.0452,158.6483,52.39,100,100,4.47
276,Pacific Grove,US,2022-07-19 14:31:21,36.6177,-121.9166,57.42,94,100,8.01
277,Eravur,LK,2022-07-19 14:31:55,7.7733,81.6095,81.46,79,85,7.36
278,Clyde River,CA,2022-07-19 14:32:55,70.4692,-68.5914,37.63,100,100,8.05
279,Khani,GE,2022-07-19 14:32:56,41.9563,42.9566,63.97,97,97,2.57
280,Kailua,US,2022-07-19 14:32:56,21.4022,-157.7394,77.02,77,40,12.66
281,Mehamn,NO,2022-07-19 14:32:56,71.0357,27.8492,58.95,82,75,10.36
282,Maniitsoq,GL,2022-07-19 14:32:57,65.4167,-52.9,46.78,86,100,6.64
283,Mingyue,CN,2022-07-19 14:32:57,43.1069,128.9217,63.54,97,0,2.26
284,Puerto Escondido,MX,2022-07-19 14:32:57,15.85,-97.0667,81.43,83,40,4.61
285,Dong Hoi,VN,2022-07-19 14:30:36,17.4833,106.6,83.08,81,56,8.14
286,Constitucion,CL,2022-07-19 14:32:58,-35.3333,-72.4167,53.1,66,7,5.77
287,Tautira,PF,2022-07-19 14:32:58,-17.7333,-149.15,75.96,71,33,1.54
288,San Luis,AR,2022-07-19 14:31:50,-33.295,-66.3356,58.23,33,0,15.99
289,Emirdag,TR,2022-07-19 14:32:59,39.0197,31.15,78.42,35,4,14.47
290,Kavieng,PG,2022-07-19 14:32:59,-2.5744,150.7967,81.09,78,100,8.23
291,Laguna,US,2022-07-19 14:33:00,38.421,-121.4238,77.63,53,0,5.75
292,Broome,US,2022-07-19 14:33:00,42.2506,-75.833,82.2,67,0,8.05
293,Norman Wells,CA,2022-07-19 14:33:00,65.282,-126.8329,59.04,77,100,8.05
294,Johi,PK,2022-07-19 14:33:01,26.6921,67.6133,96.1,55,17,10.45
295,Tura,IN,2022-07-19 14:33:01,25.5198,90.2201,75.63,96,100,5.79
296,Huallanca,PE,2022-07-19 14:33:02,-9.8993,-76.9417,49.06,63,100,9.15
297,Redditch,GB,2022-07-19 14:33:03,52.3065,-1.9457,103.71,26,6,1.01
298,Turiacu,BR,2022-07-19 14:33:03,-1.6633,-45.3717,87.4,53,21,6.44
299,Mezen,RU,2022-07-19 14:33:03,65.8522,44.24,77.52,43,95,12.06
300,Pochutla,MX,2022-07-19 14:33:04,15.7432,-96.4661,84.81,56,52,1.07
301,Rio Grande,BR,2022-07-19 14:30:50,-32.035,-52.0986,59.11,68,0,7.14
302,Ekibastuz,KZ,2022-07-19 14:33:04,51.6667,75.3667,76.01,33,53,9.31
303,Limbe,CM,2022-07-19 14:33:05,4.0242,9.2149,78.22,77,100,12.21
304,Ornskoldsvik,SE,2022-07-19 14:33:05,63.2909,18.7153,61.75,63,75,9.22
305,Camocim,BR,2022-07-19 14:33:06,-2.9022,-40.8411,89.4,51,17,8.59
306,Lodja,CD,2022-07-19 14:33:06,-3.4833,23.4333,85.89,41,84,1.52
307,Sioux Lookout,CA,2022-07-19 14:33:07,50.1001,-91.917,69.87,78,100,8.05
308,Sarahan,IN,2022-07-19 14:33:07,31.5167,77.8,66.88,93,74,2.37
309,Alghero,IT,2022-07-19 14:30:44,40.5589,8.3181,93.29,40,0,11.5
310,Marang,MY,2022-07-19 14:33:08,5.2056,103.2059,78.71,83,100,5.77
311,Ponta Delgada,PT,2022-07-19 14:33:08,37.7333,-25.6667,72.32,83,40,10.36
312,Dayong,CN,2022-07-19 14:33:08,25.0209,118.2898,79.99,89,100,3.29
313,Aksu,CN,2022-07-19 14:33:09,41.1231,80.2644,82.36,27,49,23.26
314,Valparaiso,CL,2022-07-19 14:33:09,-33.0393,-71.6273,61.03,58,0,4.61
315,Rocha,UY,2022-07-19 14:33:10,-34.4833,-54.3333,54.05,59,2,5.44
316,Ilulissat,GL,2022-07-19 14:33:10,69.2167,-51.1,51.82,71,75,2.3
317,Ngunguru,NZ,2022-07-19 14:33:10,-35.6167,174.5,58.59,94,83,4.05
318,College,US,2022-07-19 14:33:11,64.8569,-147.8028,53.58,91,100,4.61
319,Rumilly,FR,2022-07-19 14:33:11,45.8667,5.95,100.2,35,0,4.61
320,Point Fortin,TT,2022-07-19 14:33:11,10.1833,-61.6833,82.27,76,10,10.94
321,Spencer,US,2022-07-19 14:32:05,43.1414,-95.1444,80.56,66,0,16.11
322,Karratha,AU,2022-07-19 14:34:12,-20.7377,116.8463,68.56,75,8,1.88
323,Wewak,PG,2022-07-19 14:34:12,-3.5534,143.6268,77.31,86,100,3.85
324,Karasjok,NO,2022-07-19 14:34:13,69.4719,25.5112,62.31,66,100,6.73
325,Itarema,BR,2022-07-19 14:34:13,-2.9248,-39.9167,87.71,54,83,15.97
326,Port Macquarie,AU,2022-07-19 14:34:13,-31.4333,152.9167,49.89,78,91,8.46
327,Kijang,KR,2022-07-19 14:34:14,35.2442,129.2139,76.73,93,57,3.24
328,Sola,VU,2022-07-19 14:24:50,-13.8833,167.55,81.18,69,53,16.93
329,Tikaitnagar,IN,2022-07-19 14:31:02,26.95,81.5833,95.74,44,100,8.55
330,Bonfim,BR,2022-07-19 14:34:15,3.0833,-59.95,81.46,72,100,4.92
331,Port Hedland,AU,2022-07-19 14:34:15,-20.3167,118.5667,62.65,94,8,3.44
332,Riyadh,SA,2022-07-19 14:30:29,24.6877,46.7219,109.54,8,38,13.89
333,Alexandroupoli,GR,2022-07-19 14:34:16,40.8475,25.8744,87.62,27,20,19.57
334,Rehoboth,NA,2022-07-19 14:34:16,-23.3167,17.0833,70.12,20,1,13.73
335,Nioro,GM,2022-07-19 14:34:16,13.35,-15.75,85.15,64,100,6.6
336,Ishigaki,JP,2022-07-19 14:34:17,24.3448,124.1572,84.33,94,40,9.22
337,Nouadhibou,MR,2022-07-19 14:34:17,20.931,-17.0347,78.78,65,26,13.8
338,Choix,MX,2022-07-19 14:34:17,26.7092,-108.3219,82.6,78,6,1.12
339,Machinga,MW,2022-07-19 14:34:18,-15.1685,35.3,73.9,44,41,5.84
340,Half Moon Bay,US,2022-07-19 14:30:37,37.4636,-122.4286,62.87,90,100,12.66
341,Macusani,PE,2022-07-19 14:34:18,-14.0833,-70.4333,45.55,33,62,10.69
342,Faanui,PF,2022-07-19 14:34:19,-16.4833,-151.75,76.62,72,15,7.31
343,Salaga,GH,2022-07-19 14:34:19,8.5508,-0.5188,82.74,55,97,8.39
344,Jijiga,ET,2022-07-19 14:34:20,9.35,42.8,68.23,61,98,18.34
345,Dudinka,RU,2022-07-19 14:32:16,69.4058,86.1778,61.63,51,10,20.29
346,Linhares,BR,2022-07-19 14:34:00,-19.3911,-40.0722,77.76,63,60,6.11
347,Saharanpur,IN,2022-07-19 14:34:20,29.9667,77.55,90.07,56,74,4.81
348,Kidal,ML,2022-07-19 14:34:21,18.4411,1.4078,93.85,30,97,8.7
349,Saint-Marc,HT,2022-07-19 14:34:21,19.1082,-72.6938,84.92,65,6,3.13
350,Dikson,RU,2022-07-19 14:33:08,73.5069,80.5464,43.9,83,80,15.64
351,Lavrentiya,RU,2022-07-19 14:34:22,65.5833,-171.0,36.46,77,99,6.71
352,Chifeng,CN,2022-07-19 14:34:22,42.2683,118.9636,75.27,55,100,4.12
353,Nushki,PK,2022-07-19 14:34:22,29.5542,66.0215,97.14,33,12,10.56
354,Nome,US,2022-07-19 14:34:23,64.5011,-165.4064,39.27,81,0,19.57
355,Kautokeino,NO,2022-07-19 14:34:23,69.0125,23.0412,55.56,77,100,10.25
356,Nizhneudinsk,RU,2022-07-19 14:32:12,54.9076,99.0276,55.13,83,41,4.29
357,Hoquiam,US,2022-07-19 14:34:23,46.9809,-123.8893,58.93,88,0,0.0
358,Cayenne,GF,2022-07-19 14:34:24,4.9333,-52.3333,87.1,1,75,4.61
359,Kingman,US,2022-07-19 14:34:24,35.1894,-114.053,89.55,35,0,5.75
360,Casambalangan,PH,2022-07-19 14:34:25,18.3765,122.1274,82.92,82,16,8.08
361,Atar,MR,2022-07-19 14:34:25,20.5169,-13.0499,109.17,13,2,8.86
362,Geri,CY,2022-07-19 14:34:26,35.1,33.4167,97.99,25,20,12.66
363,Grand Forks,US,2022-07-19 14:34:26,47.9417,-97.4337,78.53,87,100,10.36
364,Fort Nelson,CA,2022-07-19 14:32:48,58.8053,-122.7002,62.19,48,75,14.97
365,Norderstedt,DE,2022-07-19 14:34:26,53.7,10.0167,97.07,26,0,8.05
366,Penzance,GB,2022-07-19 14:34:27,50.1186,-5.5371,75.88,78,0,14.97
367,Luanda,AO,2022-07-19 14:32:22,-8.8368,13.2343,75.2,73,20,6.91
368,Camacha,PT,2022-07-19 14:35:27,33.0833,-16.3333,72.82,64,40,12.66
369,Tortoli,IT,2022-07-19 14:35:28,39.9256,9.6572,89.42,62,0,9.22
370,Tahe,CN,2022-07-19 14:35:28,52.3333,124.7333,61.83,95,48,2.33
371,Valle De Allende,MX,2022-07-19 14:35:28,26.9333,-105.4,80.38,30,25,1.21
372,Madingou,CG,2022-07-19 14:35:29,-4.1536,13.55,86.56,45,94,3.29
373,Comodoro Rivadavia,AR,2022-07-19 14:35:29,-45.8667,-67.5,51.66,37,0,9.22
374,Acarau,BR,2022-07-19 14:35:30,-2.8856,-40.12,87.53,55,86,15.57
375,Alice Springs,AU,2022-07-19 14:31:22,-23.7,133.8833,58.55,33,75,13.8
376,Port-Gentil,GA,2022-07-19 14:35:30,-0.7193,8.7815,80.56,69,40,13.8
377,Ivdel,RU,2022-07-19 14:35:31,60.6911,60.4206,70.23,70,100,6.35
378,Romanshorn,CH,2022-07-19 14:35:31,47.5659,9.3787,96.35,32,0,4.61
379,Minab,IR,2022-07-19 14:35:32,27.1467,57.0801,97.12,52,0,9.22
380,Lady Frere,ZA,2022-07-19 14:35:32,-31.7031,27.2329,62.73,33,34,10.92
381,Amga,RU,2022-07-19 14:35:33,60.8953,131.9608,63.82,82,63,3.02
382,Flinders,AU,2022-07-19 14:35:33,-34.5833,150.8552,51.19,90,89,5.99
383,Olga,RU,2022-07-19 14:35:33,43.7444,135.2892,65.34,95,100,4.7
384,Sur,OM,2022-07-19 14:35:34,22.5667,59.5289,85.48,87,54,2.89
385,Cap Malheureux,MU,2022-07-19 14:35:34,-19.9842,57.6142,70.47,68,17,8.99
386,Juneau,US,2022-07-19 14:32:54,58.3019,-134.4197,55.22,97,100,10.36
387,Roald,NO,2022-07-19 14:35:35,62.5833,6.1333,71.17,82,75,13.8
388,Wittmund,DE,2022-07-19 14:35:35,53.5667,7.7833,96.22,26,20,8.05
389,New Philadelphia,US,2022-07-19 14:35:35,40.4898,-81.4457,82.72,82,20,1.99
390,Killybegs,IE,2022-07-19 14:35:36,54.6333,-8.45,58.71,80,100,9.78
391,Mezhdurechenskiy,RU,2022-07-19 14:35:36,59.6,65.9333,71.67,63,15,4.29
392,Godda,IN,2022-07-19 14:35:37,24.8333,87.2167,91.29,54,99,6.51
393,Saint-Joseph,RE,2022-07-19 14:35:37,-21.3667,55.6167,70.18,75,35,18.3
394,Lorengau,PG,2022-07-19 14:35:37,-2.0226,147.2712,80.58,79,99,6.49
395,Toledo,ES,2022-07-19 14:35:38,39.8333,-4.0,93.31,16,0,14.97
396,Alpharetta,US,2022-07-19 14:35:38,34.0754,-84.2941,75.72,60,81,8.14
397,Taitung,TW,2022-07-19 14:35:39,22.7583,121.1444,82.71,85,42,4.25
398,Saint-Francois,FR,2022-07-19 14:35:39,46.4154,3.9054,100.67,25,0,6.91
399,Manadhoo,MV,2022-07-19 14:35:39,5.7667,73.3833,81.93,79,100,19.53
400,Umm Kaddadah,SD,2022-07-19 14:35:40,13.6017,26.6876,92.48,35,34,10.36
401,Viedma,AR,2022-07-19 14:35:40,-40.8135,-62.9967,52.29,22,1,26.02
402,Bandrele,YT,2022-07-19 14:35:41,-12.9067,45.1914,76.75,69,75,8.05
403,Fare,PF,2022-07-19 14:35:41,-16.7,-151.0167,76.59,73,11,8.12
404,Kawalu,ID,2022-07-19 14:35:41,-7.3817,108.2082,72.25,97,72,1.81
405,Ejura,GH,2022-07-19 14:35:42,7.3856,-1.3562,80.96,61,89,5.7
406,Saint-Georges,GD,2022-07-19 14:31:14,12.0564,-61.7485,82.08,83,75,17.27
407,Sept-Iles,CA,2022-07-19 14:32:43,50.2001,-66.3821,70.32,80,75,19.57
408,Grindavik,IS,2022-07-19 14:34:53,63.8424,-22.4338,55.87,71,0,13.8
409,Boende,CD,2022-07-19 14:35:43,-0.2167,20.8667,84.02,56,47,3.56
410,Keetmanshoop,NA,2022-07-19 14:35:43,-26.5833,18.1333,75.25,18,2,12.46
411,Dawlatabad,AF,2022-07-19 14:35:43,36.4141,64.9053,98.94,11,0,11.81
412,Newcastle,AU,2022-07-19 14:35:44,-32.9272,151.7765,56.71,86,75,5.75
413,Maragogi,BR,2022-07-19 14:35:02,-9.0122,-35.2225,79.93,65,3,12.93
414,Guane,CU,2022-07-19 14:36:44,22.2025,-84.0875,88.11,61,35,10.45
415,Comrat,MD,2022-07-19 14:36:45,46.3003,28.6572,86.07,21,16,8.5
416,Adamovka,RU,2022-07-19 14:36:45,51.5223,59.9396,84.22,49,49,16.46
417,Monrovia,LR,2022-07-19 14:36:45,6.3005,-10.7969,78.12,70,100,11.34
418,Manakara,MG,2022-07-19 14:36:46,-22.1333,48.0167,68.11,78,13,10.56
419,Vanimo,PG,2022-07-19 14:36:46,-2.6741,141.3028,76.75,88,100,3.8
420,Macherla,IN,2022-07-19 14:36:47,16.4833,79.4333,84.96,68,80,7.31
421,Aksha,RU,2022-07-19 14:36:47,50.2814,113.2867,60.89,86,63,2.46
422,Rawson,AR,2022-07-19 14:36:47,-43.3002,-65.1023,52.88,29,73,24.2
423,Hamilton,US,2022-07-19 14:32:00,39.1834,-84.5333,82.76,79,0,5.75
424,Garissa,KE,2022-07-19 14:36:48,-0.4536,39.6401,84.34,41,74,21.5
425,Taihe,CN,2022-07-19 14:36:48,30.8712,105.3845,71.1,87,100,1.66
426,Amapa,BR,2022-07-19 14:36:48,1.0,-52.0,83.25,68,40,5.88
427,Cabedelo,BR,2022-07-19 14:36:49,-6.9811,-34.8339,83.07,72,25,18.19
428,Mareeba,AU,2022-07-19 14:36:49,-17.0,145.4333,59.43,84,6,2.73
429,Vostok,RU,2022-07-19 14:36:50,46.4856,135.8833,59.9,97,100,2.33
430,Taoudenni,ML,2022-07-19 14:36:50,22.6783,-3.9836,112.08,6,2,3.96
431,Bambanglipuro,ID,2022-07-19 14:36:50,-7.95,110.2833,75.33,84,89,7.38
432,Kieta,PG,2022-07-19 14:36:51,-6.2167,155.6333,78.24,82,11,3.91
433,Bonnyville,CA,2022-07-19 14:36:51,54.2668,-110.735,67.8,72,26,13.18
434,Presidencia Roque Saenz Pena,AR,2022-07-19 14:36:52,-26.7852,-60.4388,66.27,48,0,3.4
435,Sorong,ID,2022-07-19 14:36:52,-0.8833,131.25,78.46,86,100,8.86
436,Bud,US,2022-07-19 14:36:52,39.447,-86.1758,83.82,79,0,5.12
437,Moyale,KE,2022-07-19 14:36:53,3.5167,39.0584,70.77,55,100,12.24
438,San Patricio,US,2022-07-19 14:36:53,28.017,-97.5169,87.89,56,6,11.54
439,Kadom,RU,2022-07-19 14:36:54,54.5592,42.4675,65.16,59,73,11.97
440,Lompoc,US,2022-07-19 14:32:49,34.6391,-120.4579,64.54,94,100,0.0
441,Sao Felix Do Xingu,BR,2022-07-19 14:36:54,-6.6447,-51.995,90.7,32,62,5.88
442,Krosno,PL,2022-07-19 14:36:54,49.6887,21.7706,84.47,100,87,8.21
443,Were Ilu,ET,2022-07-19 14:36:55,10.6,39.4333,63.7,59,94,6.62
444,Ordynskoye,RU,2022-07-19 14:36:55,54.3656,81.8994,61.43,65,64,4.23
445,Carndonagh,IE,2022-07-19 14:36:55,55.25,-7.2667,62.22,93,100,5.5
446,Santo Tomas,PH,2022-07-19 14:36:56,14.1079,121.1414,84.45,94,12,3.4
447,Berwick,US,2022-07-19 14:36:56,41.0545,-76.2333,82.15,77,3,8.05
448,Kosmach,UA,2022-07-19 14:36:57,48.7509,24.3673,74.57,47,81,4.36
449,Topolog,RO,2022-07-19 14:36:57,44.8833,28.3667,81.82,24,52,8.88
450,Nhulunbuy,AU,2022-07-19 14:36:57,-12.2333,136.7667,72.21,94,70,6.91
451,Soe,ID,2022-07-19 14:36:58,-9.8607,124.284,57.33,93,19,4.68
452,Livingston,GB,2022-07-19 14:36:58,55.9029,-3.5226,88.12,39,0,3.44
453,General Roca,AR,2022-07-19 14:36:59,-39.0333,-67.5833,50.99,33,44,14.07
454,Dubovyy Umet,RU,2022-07-19 14:36:59,52.9763,50.2857,69.06,61,80,11.32
455,La Serena,CL,2022-07-19 14:34:16,-29.9078,-71.2542,49.51,100,100,3.44
456,Qiongshan,CN,2022-07-19 14:37:00,20.0058,110.3542,84.18,89,20,6.71
457,Rabo De Peixe,PT,2022-07-19 14:37:00,37.8,-25.5833,71.11,83,40,10.36
458,Galdar,ES,2022-07-19 14:37:00,28.147,-15.6502,81.1,69,48,16.53
459,Saint-Leu,RE,2022-07-19 14:37:01,-21.15,55.2833,70.66,67,49,1.45
460,Dakar,SN,2022-07-19 14:37:02,14.6937,-17.4441,90.48,66,40,13.8
461,Marawi,PH,2022-07-19 14:37:02,7.9986,124.2928,69.03,95,58,2.39
462,Berberati,CF,2022-07-19 14:38:03,4.2612,15.7922,70.34,98,100,0.98
463,Shimoda,JP,2022-07-19 14:38:03,34.6667,138.95,80.1,92,100,21.54
464,Hirara,JP,2022-07-19 14:38:03,24.8,125.2833,84.83,86,93,15.9
465,Luwuk,ID,2022-07-19 14:38:04,-0.9516,122.7875,76.55,91,98,4.68
466,Husum,DE,2022-07-19 14:38:04,54.4858,9.0524,88.14,31,7,2.39
467,Los Llanos De Aridane,ES,2022-07-19 14:38:04,28.6585,-17.9182,75.13,80,20,17.27
468,Tlacotepec,MX,2022-07-19 14:38:05,20.0667,-97.8667,72.72,66,7,3.15
469,Chengde,CN,2022-07-19 14:36:36,40.9725,117.9361,69.91,85,100,1.83
470,Adrar,MR,2022-07-19 14:38:05,20.5022,-10.0711,109.35,6,7,12.8
471,Bulawayo,ZW,2022-07-19 14:38:05,-20.15,28.5833,70.32,26,34,7.4
472,Faya,SA,2022-07-19 14:38:06,18.3851,42.4509,77.11,33,100,7.83
473,Tazovskiy,RU,2022-07-19 14:38:06,67.4667,78.7,60.42,56,53,8.5
474,Bahce,TR,2022-07-19 14:38:07,37.1972,36.5766,92.8,29,0,7.74
475,Pathein,MM,2022-07-19 14:38:07,16.7833,94.7333,80.76,88,100,6.46
476,Puerto Carreno,CO,2022-07-19 14:38:07,6.189,-67.4859,75.18,94,40,3.44
477,Aswan,EG,2022-07-19 14:38:08,24.0934,32.907,108.7,8,0,9.22
478,Kaitangata,NZ,2022-07-19 14:38:08,-46.2817,169.8464,43.61,81,100,5.44
479,Charcas,MX,2022-07-19 14:38:08,23.1333,-101.1167,65.86,61,56,3.42
480,Hami,CN,2022-07-19 14:38:09,42.8,93.45,83.86,20,26,21.61
481,Darlowo,PL,2022-07-19 14:34:31,54.421,16.4107,69.94,67,88,6.24
482,Luderitz,NA,2022-07-19 14:38:09,-26.6481,15.1594,60.8,72,19,21.23
483,Anadyr,RU,2022-07-19 14:38:10,64.75,177.4833,50.5,81,0,8.95
484,Merrill,US,2022-07-19 14:35:27,45.1805,-89.6835,77.61,88,0,8.05
485,Srednekolymsk,RU,2022-07-19 14:38:10,67.45,153.6833,39.96,60,76,8.43
486,Sibu,MY,2022-07-19 14:38:10,2.3,111.8167,79.11,88,20,1.14
487,Mayo,US,2022-07-19 14:38:11,38.8876,-76.5119,84.34,76,75,5.01
488,Sitrah,BH,2022-07-19 14:38:11,26.1547,50.6206,104.22,67,3,12.66
489,Dubti,ET,2022-07-19 14:38:11,11.7361,41.0853,101.5,20,95,3.24
490,Yerbogachen,RU,2022-07-19 14:38:12,61.2767,108.0108,67.44,61,100,8.05
491,Isiro,CD,2022-07-19 14:38:12,2.7739,27.616,71.92,88,96,1.07
492,Eydhafushi,MV,2022-07-19 14:38:12,5.1033,73.0708,82.54,75,94,19.15
493,Havoysund,NO,2022-07-19 14:38:13,70.9963,24.6622,55.63,91,66,6.8
494,Asau,RO,2022-07-19 14:38:13,46.4333,26.4,81.52,34,89,5.01
495,Yar-Sale,RU,2022-07-19 14:33:14,66.8333,70.8333,63.39,57,57,8.72
496,Pokhara,NP,2022-07-19 14:34:57,28.2333,83.9833,74.01,90,99,3.4
497,Portland,US,2022-07-19 14:38:01,45.5234,-122.6762,66.0,81,0,5.99
498,Dicabisagan,PH,2022-07-19 14:38:14,17.0818,122.4157,81.09,85,5,4.07
499,La Ronge,CA,2022-07-19 14:38:14,55.1001,-105.2842,73.65,60,20,3.44
500,Sochi,RU,2022-07-19 14:38:15,43.6,39.7303,77.09,82,95,0.36
501,Roma,US,2022-07-19 14:38:15,43.2128,-75.4557,82.69,70,79,5.99
502,Sim,RU,2022-07-19 14:38:16,54.993,57.6982,71.42,69,100,11.36
503,Kuching,MY,2022-07-19 14:38:16,1.55,110.3333,84.42,84,20,2.3
504,Apache Junction,US,2022-07-19 14:36:29,33.4151,-111.5496,95.09,34,0,3.44
505,San Andres,CO,2022-07-19 14:38:16,12.5847,-81.7006,86.02,74,40,14.97
506,Mackay,AU,2022-07-19 14:36:32,-21.15,149.2,58.68,85,5,10.4
507,Inongo,CD,2022-07-19 14:38:17,-1.95,18.2667,72.84,75,93,3.76
508,Erenhot,CN,2022-07-19 14:39:18,43.6475,111.9767,79.27,31,98,14.85
509,Brignais,FR,2022-07-19 14:39:18,45.6736,4.7548,106.41,20,0,19.57
510,Ewa Beach,US,2022-07-19 14:39:18,21.3156,-158.0072,76.98,69,0,13.8
511,Santa Lucia,ES,2022-07-19 14:39:19,27.9117,-15.5407,74.52,54,20,32.21
512,Ereymentau,KZ,2022-07-19 14:39:19,51.6199,73.1033,69.64,40,6,3.06
513,Talnakh,RU,2022-07-19 14:39:20,69.4865,88.3972,61.21,48,86,4.38
514,Bjerkvik,NO,2022-07-19 14:39:20,68.5597,17.5189,57.99,72,72,4.34
515,Namibe,AO,2022-07-19 14:39:21,-15.1961,12.1522,66.88,77,19,10.94
516,Port Hardy,CA,2022-07-19 14:39:21,50.6996,-127.4199,55.58,94,100,5.75
517,Linden,GY,2022-07-19 14:39:21,6.0,-58.3,87.82,59,28,3.85
518,Luzhou,CN,2022-07-19 14:39:22,28.8724,105.4405,72.66,84,100,3.13
519,Nuuk,GL,2022-07-19 14:39:22,64.1835,-51.7216,56.01,76,20,8.05
520,Plymouth,US,2022-07-19 14:39:23,41.8334,-70.8328,85.93,61,20,13.8
521,Dentsville,US,2022-07-19 14:39:23,34.064,-80.9582,85.86,77,75,6.91
522,Praia Da Vitoria,PT,2022-07-19 14:38:45,38.7333,-27.0667,71.85,83,75,10.2
523,Khuzhir,RU,2022-07-19 14:39:24,53.1939,107.3397,54.28,96,42,6.4
524,Japura,ID,2022-07-19 14:39:24,-0.3167,102.35,76.26,94,2,1.3
525,Kota Belud,MY,2022-07-19 14:39:24,6.351,116.4305,78.55,80,46,3.06
526,Vostryakovo,RU,2022-07-19 14:39:25,55.4006,37.8111,67.39,69,75,17.9
527,Mazamari,PE,2022-07-19 14:39:25,-11.3258,-74.5308,80.22,60,100,2.33
528,Batemans Bay,AU,2022-07-19 14:37:37,-35.7167,150.1833,46.09,76,85,7.16
529,Tongliao,CN,2022-07-19 14:39:12,43.6125,122.2653,72.99,72,77,4.18
530,Ambon,ID,2022-07-19 14:39:26,-3.6954,128.1814,76.23,16,75,4.61
531,Marsa Matruh,EG,2022-07-19 14:39:26,31.3525,27.2453,82.6,65,0,16.11
532,Nyurba,RU,2022-07-19 14:39:27,63.2842,118.3319,57.47,92,95,5.35
533,Saldanha,ZA,2022-07-19 14:39:27,-33.0117,17.9442,60.85,69,7,15.41
534,Whyalla,AU,2022-07-19 14:39:28,-33.0333,137.5833,48.24,61,91,14.07
535,Jacareacanga,BR,2022-07-19 14:39:28,-6.2222,-57.7528,93.52,31,25,4.52
536,Sitka,US,2022-07-19 14:39:28,57.0531,-135.33,53.49,87,100,5.75
537,Aquiraz,BR,2022-07-19 14:38:39,-3.9014,-38.3911,87.46,60,76,13.42
538,Lamont,US,2022-07-19 14:34:49,35.2597,-118.9143,91.08,32,0,2.42
539,Bonthe,SL,2022-07-19 14:39:29,7.5264,-12.505,77.11,79,100,11.83
540,Antofagasta,CL,2022-07-19 14:39:29,-23.65,-70.4,67.21,56,31,6.6
541,Cabo Rojo,PR,2022-07-19 14:39:29,18.0866,-67.1457,90.25,64,3,5.01
542,Guthrie,US,2022-07-19 14:36:24,35.8789,-97.4253,94.55,45,0,5.75
543,Vallenar,CL,2022-07-19 14:39:30,-28.5708,-70.7581,70.0,23,0,2.04
544,Azul,AR,2022-07-19 14:39:30,-36.777,-59.8585,44.35,45,0,10.78
545,Asfi,MA,2022-07-19 14:39:31,32.2994,-9.2372,80.06,56,2,25.9
546,Talcahuano,CL,2022-07-19 14:39:31,-36.7167,-73.1167,37.08,93,0,5.75
547,Tubmanburg,LR,2022-07-19 14:39:31,6.8708,-10.8172,79.74,68,100,7.27
548,Gutierrez,CO,2022-07-19 14:39:32,4.2547,-74.0025,57.25,80,96,2.73
549,Palasa,IN,2022-07-19 14:34:56,18.7667,84.4167,82.53,84,53,7.2
550,Quatro Barras,BR,2022-07-19 14:39:32,-25.3656,-49.0769,76.05,60,20,2.3
551,Lima,PE,2022-07-19 14:35:50,-12.0432,-77.0282,62.91,81,100,6.91
552,Paidha,UG,2022-07-19 14:39:33,2.4167,30.9855,75.56,42,78,5.61
553,Malanje,AO,2022-07-19 14:39:33,-9.5402,16.341,84.79,22,8,3.22
554,San Policarpo,PH,2022-07-19 14:39:33,12.1791,125.5072,82.85,80,23,9.48
555,Zhigansk,RU,2022-07-19 14:39:34,66.7697,123.3711,44.49,78,100,19.15
556,Sisimiut,GL,2022-07-19 14:40:34,66.9395,-53.6735,46.71,85,100,2.42
557,Zhuhai,CN,2022-07-19 14:40:35,22.2769,113.5678,87.58,84,20,11.5
558,Myitkyina,MM,2022-07-19 14:40:35,25.3833,97.4,74.64,99,100,2.08
559,Ratne,UA,2022-07-19 14:40:36,51.6683,24.5303,70.03,60,94,7.2
560,Bontang,ID,2022-07-19 14:40:36,0.1333,117.5,80.15,83,8,3.42
561,Springbok,ZA,2022-07-19 14:40:36,-29.6643,17.8865,55.36,50,7,14.94
562,Sao Miguel Do Tapuio,BR,2022-07-19 14:40:37,-5.5036,-41.3233,92.97,28,28,8.75
563,Mount Isa,AU,2022-07-19 14:40:37,-20.7333,139.5,56.97,54,0,1.14
564,Sete Lagoas,BR,2022-07-19 14:40:38,-19.4658,-44.2467,72.68,30,3,6.42
565,Dandong,CN,2022-07-19 14:40:38,40.1292,124.3947,71.33,87,100,1.66
566,Thinadhoo,MV,2022-07-19 14:40:38,0.5333,72.9333,79.93,78,100,8.79
567,Chamba,IN,2022-07-19 14:40:39,32.5667,76.1333,78.82,87,76,3.15
568,Chudovo,RU,2022-07-19 14:40:39,59.1167,31.6833,65.41,63,99,5.37
569,Tubuala,PA,2022-07-19 14:40:40,9.5167,-79.0333,82.11,82,98,5.93
570,Awbari,LY,2022-07-19 14:40:40,26.5921,12.7805,96.4,13,1,13.78
571,Kungurtug,RU,2022-07-19 14:40:40,50.5994,97.5228,45.61,89,5,1.92
572,Urengoy,RU,2022-07-19 14:40:41,65.9667,78.3667,65.34,54,100,1.52
573,Lashio,MM,2022-07-19 14:40:41,22.9333,97.75,70.86,98,100,1.54
